,tweets,id,len,date,source,likes,retweets,sentiment
0,Saya cadangkan Wong Shaw Voon from @mirosroadsafety try getting from Taman Kajang Utama to Ampang Hospital on a wor‚Ä¶ https://t.co/UThwSOzZio,1605824941349142528,140,2022-12-22 07:17:55+00:00,Twitter Web App,0,0,0
1,So you have problems getting from your house to the nearest public transport hub and from a hub to your destination‚Ä¶ https://t.co/BxpAINygF1,1605824935468752896,140,2022-12-22 07:17:54+00:00,Twitter Web App,1,0,0
2,"Does Wong know the state of our public transport?
Wait 20 minutes for an overcrowded commuter train, 10 minutes for‚Ä¶ https://t.co/IMwYkird5f",1605824925687615489,140,2022-12-22 07:17:51+00:00,Twitter Web App,0,0,0
3,Public transport is so important for disabled ppl but this poses a huge barrier. It's inconvenient to get a staff m‚Ä¶ https://t.co/ysfshWrom0,1605810911016415232,140,2022-12-22 06:22:10+00:00,Twitter for Android,1,0,1
4,".@anthonyloke as a foreign student in KL, thank you so much for your work to improve our public transport. In just‚Ä¶ https://t.co/MwcJCgMqEO",1605809972075302912,139,2022-12-22 06:18:26+00:00,Twitter for Android,1,2,1
5,@FirahMohd Cos taxis and private hires memang not considered as public transport. It‚Äôs only compulsory on buses and trains. üòâ,1605783269844299776,125,2022-12-22 04:32:20+00:00,Twitter for iPhone,0,0,0
6,"@askrapidkl come on MRT do better fgs. Bad service, should've let people know to take an alternative public transpo‚Ä¶ https://t.co/dF7OE8JYWV",1605737574156435456,140,2022-12-22 01:30:45+00:00,Twitter for Android,3,1,-1
7,@liberationxxx Harap takde Gen Z datang hentam kau dan kata it's a systemic issue of bad public transport and low m‚Ä¶ https://t.co/03wRLE4Ick,1605733991901954050,140,2022-12-22 01:16:31+00:00,Twitter Web App,44,5,-1
8,@_nsyakinah Would it have been better if they stuck with the usual venue at Sentul Depot? Also I notice Sentul Depo‚Ä¶ https://t.co/Nt1OIAygr8,1605662511520415744,140,2022-12-21 20:32:29+00:00,Twitter for iPhone,0,0,1
9,@pastaa01 @2daMoonz Why would I not take back my words if the government end up to be good? If a government policy‚Ä¶ https://t.co/vyuQv8SuM6,1605634681008857088,139,2022-12-21 18:41:53+00:00,Twitter for iPhone,5,0,1
10,@jalanterusbeme @thenotfunguy I just wanted to counter the idea that pengurangan kos is being treated as a positive‚Ä¶ https://t.co/WMjWw1bkWH,1605593574610898944,140,2022-12-21 15:58:33+00:00,Twitter for iPhone,3,0,1
11,@ABCDEFGORDON @themattweets gordon you judge couples on public transport for being couples,1605590282216476673,90,2022-12-21 15:45:28+00:00,Twitter for iPhone,1,0,0
12,"Know how to add MRT line, don't know how to add pedestrian/crowd capacity, road crossings, exit points, alternative‚Ä¶ https://t.co/1MgHtVezFw",1605558605045956608,140,2022-12-21 13:39:35+00:00,Twitter Web App,0,0,0
13,"I thought this nonsense only happens in Public transport. Or crowded places.

Oh well new fear unlocked. This happe‚Ä¶ https://t.co/GtveSVMzKg",1605556605042720768,140,2022-12-21 13:31:39+00:00,Twitter for iPhone,0,0,1
14,@JuruteraAwam @strandedherefo From my view if you say ‚Äúsaving‚Äù where does the money goes ? Will go back to better p‚Ä¶ https://t.co/GSEgu4xPm7,1605538413683228672,140,2022-12-21 12:19:21+00:00,Twitter for iPhone,1,1,1
15,@paultan Agreed but with our crap public transport connectivity and reliability most likely they will be late for w‚Ä¶ https://t.co/KEF3xsPjGW,1605535836224729089,140,2022-12-21 12:09:07+00:00,Twitter for Android,0,0,-1
16,"@strandedherefo Every rail project receive criticism. Like MRT in KL, which is the best thing to happen to KL publi‚Ä¶ https://t.co/6o8YTchAZ7",1605522718681464832,140,2022-12-21 11:16:59+00:00,Twitter for iPhone,3,0,1
17,"Tom Holland got nothing on this guy. This at 31st floor. 

7pm, peep the fucking traffic in the background there üò≠‚Ä¶ https://t.co/SjwdEH63hz",1605519218530607105,139,2022-12-21 11:03:05+00:00,Twitter for iPhone,0,0,-1
18,"3. superblocks - women tend to travel on foot &amp; take the public transport more, yet cities are car-centric. superbl‚Ä¶ https://t.co/cHf7Uu4flw",1605509544225882112,144,2022-12-21 10:24:38+00:00,Twitter Web App,2,0,1
19,@ikmalhi @anwaribrahim Every citizen lose RM10k+ every year public transport is postponed. We must build more railway.,1605509201706393601,118,2022-12-21 10:23:17+00:00,Twitter for iPhone,4,0,1
20,wish the grace that ph twitter is extending to that person‚Äôs bad cycling take is extended to the cyclists they enco‚Ä¶ https://t.co/wQasrPTPuM,1605507468620021760,140,2022-12-21 10:16:24+00:00,Twitter for iPhone,8,1,-1
21,@LaineyAULane A few of my colleagues just recovered from COVID‚Ä¶so the chose to wear masks when they are back in off‚Ä¶ https://t.co/q6RffCDi6D,1605500505953669120,140,2022-12-21 09:48:44+00:00,Twitter for iPhone,1,0,-1
22,"Malaysian motorcyclists should use public transport, go from most dangerous to safest way to travel: Miros https://t.co/gvtUNejgIM",1605480881598386176,130,2022-12-21 08:30:45+00:00,paultan.org,11,3,-1
23,"Eh, is it dah tak payah pakai mask in SG‚Äôs public transport? What did I miss while I was away? üòÇ",1605451095177777153,96,2022-12-21 06:32:23+00:00,Twitter for iPhone,0,0,0
24,"For years, one company has had a monopoly on public transport between our village and the city. The service is awfu‚Ä¶ https://t.co/DEp7SlIOyP",1605441326949879808,140,2022-12-21 05:53:34+00:00,Twitter for iPhone,19,1,0
25,"Sabah public transport operators must join association to get, renew licences from Jan 1
https://t.co/Xf5t6Bk3IU  https://t.co/Xf5t6Bk3IU",1605438201602023425,137,2022-12-21 05:41:09+00:00,TwitterRSSTSOLAgent,0,0,0
26,90% coverage on population area. Keyword population. No promise on highway or public transport.,1605416150577430529,95,2022-12-21 04:13:32+00:00,Twitter for Android,0,0,0
27,"Five projects under transport ministry worth RM650m now open for public tender, pre-approval cancelled https://t.co/nWPlnjqIvp",1605402414554587136,126,2022-12-21 03:18:57+00:00,paultan.org,6,0,1
28,Does anyone know a good place to repair shoes (kalau tapak kasut tertanggal cmtu).. perhaps somewhere yg affordable‚Ä¶ https://t.co/5KffGrHlyU,1605353719985754112,140,2022-12-21 00:05:27+00:00,Twitter for iPhone,4,0,1
29,@Momogasi Lol ü§£ your luck on public transport is similar to Touma's,1605244768078159874,67,2022-12-20 16:52:31+00:00,Twitter for Android,1,0,1
30,"#Healthcare, education, public transport &amp; public safety are in the same boat: public services which aren‚Äôt suppose‚Ä¶ https://t.co/wsBshjEYHq",1605224277321854976,144,2022-12-20 15:31:05+00:00,Twitter for iPhone,4,0,0
31,"Pros:
- Big W for NijiEN, HoloEN, and Genshin fans
- Public Transport Pawg
- Many Cosplayers and a great chance to‚Ä¶ https://t.co/f0mrJAZDsj",1605204516416425984,139,2022-12-20 14:12:34+00:00,Twitter Web App,0,0,1
32,"entahlah kalau korang ni takde comprehension skills or just overall butoh, his point is about being responsible to‚Ä¶ https://t.co/hJdMcybXbb",1605192431368294401,139,2022-12-20 13:24:33+00:00,Twitter for iPhone,28,7,1
33,"Loke: Transport projects worth RM650m on hold pending #tender 
https://t.co/zYJwhhM6Ys via @TheTrueNet
#thetruenet‚Ä¶ https://t.co/1aS6Rc2oA2",1605184203779624961,139,2022-12-20 12:51:51+00:00,Twitter Web App,0,0,1
34,"I think some of the manifestos are complement each other.

For example, in public transport, BN pledges on improvin‚Ä¶ https://t.co/RJg7IIdC0z",1605178916599369729,140,2022-12-20 12:30:51+00:00,Twitter for Android,1,0,-1
35,Daily roundup: Woman picks up used mask to wear so she can take public transport - and other top stories today‚Ä¶ https://t.co/eUCZyGGxMX,1605147746566021120,135,2022-12-20 10:26:59+00:00,Echobox,0,0,1
36,"The only issue I have with mitec is no public transport, hotel and adequate F&amp;B but it‚Äôs a huuuge space. No one has‚Ä¶ https://t.co/rAmujepv5P",1605145278704922625,144,2022-12-20 10:17:11+00:00,Twitter for iPhone,8,1,1
37,I‚Äôm sure it‚Äôs just a matter of time before someone recommends installing a heat-changing coat of paint on public tr‚Ä¶ https://t.co/WohVSJFT37,1605102839746875393,140,2022-12-20 07:28:33+00:00,Twitter for iPhone,5,0,1
38,"@anthonyloke Dear YB, lepas settle isu public transport in KL, why not after this u come and have a surprise visit‚Ä¶ https://t.co/ostPBI14qs",1605076645786046464,139,2022-12-20 05:44:27+00:00,Twitter for Android,0,0,0
39,"Floods Cut Off Three Terengganu Hospitals From Land Access

Public hospitals in Besut, Setiu, and Hulu Terengganu c‚Ä¶ https://t.co/P5lz55OUjd",1605052703339843584,140,2022-12-20 04:09:19+00:00,Twitter Web App,5,10,0
40,"Floods Cut Off Three Terengganu Hospitals From Land Access

Public hospitals in Besut, Setiu, and Hulu Terengganu c‚Ä¶ https://t.co/isbiaRb0y4",1605052322744520704,140,2022-12-20 04:07:48+00:00,Twitter Web App,5,6,0
41,Zurich the city is extremely well-connected through public transport and offers an exceptionally high quality of li‚Ä¶ https://t.co/Zqqjf4ObPC,1605050793266380800,140,2022-12-20 04:01:44+00:00,Twitter for iPhone,0,0,1
42,@Uf0Tofu @CeddyOrNot Agreed. The govt should focus on achieving 5-10 minute walking distance to the nearest public‚Ä¶ https://t.co/SnUOSQlwqC,1604906246506795009,139,2022-12-19 18:27:21+00:00,Twitter for iPhone,1,0,0
43,If I'm a business owner &amp; I know the parking space at a building that I rented is creepy af like the one in Ceddy's‚Ä¶ https://t.co/XxbyrjkeiS,1604862528982745088,144,2022-12-19 15:33:38+00:00,Twitter for Android,0,0,-1
44,lurveeee public transport,1604861329839656961,25,2022-12-19 15:28:52+00:00,Twitter for iPhone,0,0,0
45,Doesn't need to go to Europe or Japan to study about how to manage or provide good public transport. Just go to Sin‚Ä¶ https://t.co/NNT4bGEclU,1604858527431786496,140,2022-12-19 15:17:44+00:00,Twitter for iPhone,1,0,1
46,@FuckCarsReddit We are building public transport for Malaysia and we understand Ceddy. He is speaking about bad par‚Ä¶ https://t.co/IfTjKz4pRz,1604837807507341312,140,2022-12-19 13:55:24+00:00,Twitter for iPhone,0,0,-1
47,@anwaribrahim @anwaribrahim Malaysia critically needs a land public transport transformation. Please reduce reliabi‚Ä¶ https://t.co/xaCgKSdLZq,1604810893342253058,140,2022-12-19 12:08:27+00:00,Twitter for iPhone,8,2,0
48,"@anthonyloke we need to speed up our land public transport transformation: 

1) Public bus system in major cities (‚Ä¶ https://t.co/HA4JjGDzyV",1604809516628983810,140,2022-12-19 12:02:59+00:00,Twitter for iPhone,1,0,1
49,We really should be looking for alternative to not provide parking when the site condition are not efficient for it‚Ä¶ https://t.co/UzwNulJJM1,1604809247258120192,140,2022-12-19 12:01:55+00:00,Twitter Web App,0,0,1
50,Very good to see public transport being in the spotlight for public discussion. Public awareness is the biggest ste‚Ä¶ https://t.co/ThAEwtN6Va,1604807741029351424,140,2022-12-19 11:55:56+00:00,Twitter for iPhone,4,6,1
51,"@CeddyOrNot Kuala Lumpur is (hopefully not ‚Äúwas‚Äù) undergoing a land public transport transformation with MRT 1, 2 &amp;‚Ä¶ https://t.co/pkzaN8zqWV",1604807009047642116,144,2022-12-19 11:53:01+00:00,Twitter for iPhone,1,0,0
52,These are nice posters to remind everyone in public transport. https://t.co/9h5YcbrOGk,1604793790275129345,86,2022-12-19 11:00:29+00:00,Twitter for Android,0,0,1
53,"Woman picks up used mask to wear so she can take public transport, grosses netizens out https://t.co/BxfQrlntWU https://t.co/yWHdViaI0E",1604776079541112832,135,2022-12-19 09:50:07+00:00,Echobox,0,0,0
54,@CeddyOrNot Wait till they realised that even yt people country yg public transport tip top pun tak skimp on parking SAFETY.,1604742120136650752,124,2022-12-19 07:35:10+00:00,Twitter for Android,1,0,1
55,"Access to transit is a privilege here üòî not a norm. You have to be brave, active, and in some cases desperate to op‚Ä¶ https://t.co/ve3mmsAxbI",1604732300637663233,140,2022-12-19 06:56:09+00:00,Twitter Web App,30,5,1
56,"@CeddyOrNot Parking is probably the worst use for land in cities. Just as we will never have enough lanes, we will‚Ä¶ https://t.co/GEy4ecK9Vd",1604721131235160064,139,2022-12-19 06:11:46+00:00,Twitter for iPhone,1,0,-1
57,@NabilErsyad Ya! I love @CeddyOrNot but we need to shift our thinking: convenient &amp; comfortable public transport &gt;‚Ä¶ https://t.co/U7vRkLI79S,1604708400402944000,146,2022-12-19 05:21:11+00:00,Twitter Web App,1,2,1
58,"I normally take public transport if I commute by myself. If with family, then driving makes more sense. I'm also st‚Ä¶ https://t.co/ZzPXdWA5pp",1604697031267581952,140,2022-12-19 04:36:00+00:00,Twitter Web App,5,1,1
59,"@lipthelip nah, maybe can improve public transports facilities, increase frequency, make it more reliable especiall‚Ä¶ https://t.co/2hM3wAeZCu",1604687822371553280,140,2022-12-19 03:59:25+00:00,Twitter for iPhone,0,0,1
60,"#NSTnation State Infrastructure, Energy, Water and Public Transport committee chairman, Datuk Seri Mohammad Nizar J‚Ä¶ https://t.co/jYHDled9B1",1604682261110329344,140,2022-12-19 03:37:19+00:00,Twitter Web App,1,4,0
61,@AbudiAlsagoff Biar public transport asalkan support local,1604584146319593472,58,2022-12-18 21:07:26+00:00,Twitter for iPhone,0,0,0
62,"Service, y'all don't skimp on parking safety. None of that dark ass dodgy parking bullshit. Also, you ppl we observ‚Ä¶ https://t.co/xqywSrDEng",1604520965073145856,140,2022-12-18 16:56:23+00:00,Twitter for Android,0,0,-1
63,"And those who said that we should advocate better public transport, shut up. Malaysians have been advocating better‚Ä¶ https://t.co/aszndGT7RL",1604520961642221568,140,2022-12-18 16:56:22+00:00,Twitter for Android,1,0,1
64,They haven't been to Malaysia obvi. I dare them to stay at Klang/Setia Alam/Puncak Alam &amp; take public transport! https://t.co/gYvCybGMgW,1604518806323593217,140,2022-12-18 16:47:48+00:00,Twitter for Android,13,3,0
65,Forever grateful for the efficiency of Singapore's public transport. Hahahaha alhamdulillah,1604516024006516736,91,2022-12-18 16:36:45+00:00,Twitter for Android,0,0,1
66,@hanisschokman @CeddyOrNot Yeah‚Ä¶. Can see the car parked beside the highway one. Got a lot park inside but mostly f‚Ä¶ https://t.co/QPkScjuAur,1604504184786931714,140,2022-12-18 15:49:42+00:00,Twitter for iPhone,2,0,1
67,@morenieq Meaning ada alternative lah kan? Dudeeeee the reason why I was so mad sampai I made the video is that...‚Ä¶ https://t.co/9fGK0YuGf3,1604493838076194816,139,2022-12-18 15:08:35+00:00,Twitter Web App,2,1,-1
68,@AbudiAlsagoff @AimanNaim_97 Biar public transport asalkan handsomee,1604480308367491073,68,2022-12-18 14:14:49+00:00,Twitter for iPhone,0,0,0
69,"if I don't play softball or baseball usually during recess I play ""marble."", after school I go swimming, play hide-‚Ä¶ https://t.co/vitpPLAJr8",1604450528091463681,140,2022-12-18 12:16:29+00:00,Twitter for Android,0,0,-1
70,"@CeddyOrNot You're absolutely right!
I prefer to go via public transport or Grab

Paling B3 is ok with some visitor‚Ä¶ https://t.co/iHQdtCY21J",1604424460915703808,140,2022-12-18 10:32:54+00:00,Twitter for Android,1,0,1
71,So spoilt by driving the past 10 days I feel so tired taking the public transport today.. ü´†,1604390630528274432,91,2022-12-18 08:18:29+00:00,Twitter for iPhone,6,0,-1
72,"Today I nak meroyan pasal PARKING. Kau nak buat event ke, have your own shop ke, think lah is it convenient for you‚Ä¶ https://t.co/4yw3qEjOBL",1604375466562813953,140,2022-12-18 07:18:13+00:00,Twitter for iPhone,2571,939,1
73,@Deniallui @utm_my @urbanicemsia @DBKL2u Yes! For starters we are working with Beam to test the integration of micr‚Ä¶ https://t.co/kpIbzpP1dy,1604338006902444032,140,2022-12-18 04:49:22+00:00,Twitter for iPhone,1,0,0
74,When will we not need to wear mask on public transport? üòí,1604256063586725888,57,2022-12-17 23:23:45+00:00,Twitter for iPhone,0,0,0
75,@mandanatasha Only if Kuching had that kind of public transport. I would,1604253567426011137,72,2022-12-17 23:13:50+00:00,Twitter for iPhone,0,0,1
76,"@TheReaEvilSteve too big, too many people, not walkable, nightmare to go anywhere with or without car, public trans‚Ä¶ https://t.co/9sJht1LN0D",1604150309802377217,140,2022-12-17 16:23:32+00:00,Twitter for Android,0,0,1
77,"Where would you like to live in the future? ‚Äî Tempat yang tak jam, public transport power huhu https://t.co/8tia3GCctV",1604149499110522881,118,2022-12-17 16:20:18+00:00,Twitter for iPhone,2,0,1
78,Why can‚Äôt public transport be 24 hours,1604144924655759360,38,2022-12-17 16:02:08+00:00,Twitter for iPhone,17,16,0
79,"Don‚Äôt bring your behaviour in home into public transport, it‚Äôs obviously disgusting. https://t.co/vy1raDiO7j",1604115879599669249,108,2022-12-17 14:06:43+00:00,Twitter for iPhone,0,0,-1
80,@wfxyz @__earth Public transport should also shift to electric. ICE should be phased out,1604111852648411136,88,2022-12-17 13:50:43+00:00,Twitter for iPhone,0,0,0
81,Wahhhh. Decided to take public transport today. I didn't put on a mask and boarded the bus and noone even reminded‚Ä¶ https://t.co/3NF0R2slwu,1604052401392332805,139,2022-12-17 09:54:29+00:00,Twitter for Android,4,1,0
82,@appldnzy @fthlnuaim kene suruh  drive public transport tu . modern age slavery  is frfr,1604044753217015808,88,2022-12-17 09:24:05+00:00,Twitter for Android,1,0,1
83,"thank god for a personal transport, i don't think i want to deal with public transport again.",1604043228873121793,93,2022-12-17 09:18:02+00:00,Twitter for iPhone,0,0,0
84,@silverninefive Take public transport la lol,1604043170290900993,44,2022-12-17 09:17:48+00:00,Plume¬†for¬†Android,0,0,1
85,"State Local Government, Public Transport, and New Village Development Committee chairman Ng Sze Han said the author‚Ä¶ https://t.co/yXXaXJduW0",1604027662590431232,140,2022-12-17 08:16:10+00:00,Twitter Web App,17,3,1
86,@nur_amirah_23_ @khalidkarim I'm sorry but I don't think you understand. Public transport yang paling bagus adalah‚Ä¶ https://t.co/HLILs5AnBN,1604016873963937797,139,2022-12-17 07:33:18+00:00,Twitter for Android,14,5,-1
87,I'm more excited at the prospect of importing a bunch of journal articles that I can finally read on public transpo‚Ä¶ https://t.co/gVCusUicHf,1603987098276855808,140,2022-12-17 05:34:59+00:00,Twitter for Android,0,0,1
88,@omjasvinTOI @chennaicorp @MoHUA_India @GSBediIAS @Dr_Ezhilan @MMageshkumaar ....We deserve much better integrated‚Ä¶ https://t.co/VOYD9vyBxE,1603983582187335680,139,2022-12-17 05:21:01+00:00,Twitter Web App,2,0,1
89,I was just about to walk to Comic Fiesta but then it started pouring hahahahaha. Welp public transport it is,1603979145121173505,108,2022-12-17 05:03:23+00:00,Twitter for Android,0,0,1
90,Aspire to? I don't know about that... horrible place to drive to and no public transport either. Parking is hella e‚Ä¶ https://t.co/zjc7KYh2gf,1603977257239789568,140,2022-12-17 04:55:53+00:00,Twitter for Android,15,0,-1
91,@MZAusj @mklabdlh @khalidkarim Most of people working in KL like to commute with public transport compare to their‚Ä¶ https://t.co/UyyzPOBN6Y,1603952163184525312,139,2022-12-17 03:16:10+00:00,Twitter for iPhone,0,0,1
92,Dunno how to drive pls take public transport or stay home. Don‚Äôt be a burden on the roads. üôÑ,1603948473111281664,92,2022-12-17 03:01:30+00:00,Twitter for iPhone,0,0,0
93,@dimpearls Yes public transport ketat sikit,1603938183099863040,43,2022-12-17 02:20:37+00:00,Twitter for iPhone,0,0,0
94,"@kuchi_kiml RM3500 should be sufficient as a single person in KL, but many factors to take into consideration, most‚Ä¶ https://t.co/z5Tn1l3iIX",1603934100376932352,140,2022-12-17 02:04:23+00:00,Twitter Web App,1,0,1
95,Unpopular opinion but in order to actually reduce cars on the road is by reducing the cars itself like Singapore po‚Ä¶ https://t.co/q7WQCcvcHZ,1603913141649571840,140,2022-12-17 00:41:06+00:00,Twitter for iPhone,0,0,0
96,@khalidkarim They are so ‚Äòpoor‚Äô that they need to put multi-storey bicycle parking bay at train stations and people‚Ä¶ https://t.co/7fxPvKI6N6,1603907795882938368,140,2022-12-17 00:19:52+00:00,Twitter for iPhone,1,1,-1
97,"I wish there are more buses in Malaysia that get to touristy parts of the country. 

I do missed the 555 bus. 

https://t.co/JtrpQbKgc3",1603767521613488129,135,2022-12-16 15:02:28+00:00,Twitter Web App,0,1,1
98,@BrianTycangco We don't generally wear mask in Singapore. We wear masks on public transport though.,1603752544526041088,99,2022-12-16 14:02:57+00:00,Twitter for Android,0,0,1
99,@loookskywalker @HairriM @MyTouchnGo Never ever use @MyTouchnGo for any reason whatsoever other than paying toll &amp;‚Ä¶ https://t.co/0yJ3Gy6qG5,1603749001526145025,143,2022-12-16 13:48:52+00:00,Twitter for Android,5,0,-1
100,"When ever I see a broken down escalator, I always think of the boy and the dangers of escalator. So I'm quite happy‚Ä¶ https://t.co/6XrsM0DlY5",1603746811692605441,140,2022-12-16 13:40:10+00:00,Twitter Web App,60,13,1
101,"Since I will be cosplaying tomorrow, Im so nervous while riding the public transport. 

Goodness, tebal muka la dua hari ni ü§£",1603732325388341248,125,2022-12-16 12:42:36+00:00,Twitter for Android,4,0,0
102,That‚Äôs how long I have not taken public transport,1603726563107012609,49,2022-12-16 12:19:43+00:00,Twitter for iPhone,0,0,-1
103,I totally forgot I still need to wear a mask in public transport,1603726467841798144,64,2022-12-16 12:19:20+00:00,Twitter for iPhone,0,0,0
104,No difference between driving &amp; taking public transport like the trains. Rain will slow them all down #lokeatthis @anthonyloke,1603717393913884673,130,2022-12-16 11:43:16+00:00,Twitter for Android,1,0,-1
105,"After my 2 hour lesson, It was 12pm+ just in time for lunch. So I ate at the canteen next to the driving site. My t‚Ä¶ https://t.co/Tw1UCJ8OjN",1603714135258460160,140,2022-12-16 11:30:20+00:00,Twitter Web App,0,0,0
106,Today I woke up at 6am+ for breakfast. I needed to leave the house at 7.30am to get picked up by a public transport‚Ä¶ https://t.co/Vikk438ACm,1603712108876943360,140,2022-12-16 11:22:16+00:00,Twitter Web App,1,0,0
107,"The vision: settlekan kerja inside public transport for productivity. 

Reality: I get headache hatta scroll phone‚Ä¶ https://t.co/qKr9uHeFJo",1603705872626044930,139,2022-12-16 10:57:30+00:00,Twitter for iPhone,0,0,0
108,"New pet peeve: Ppl coughing in public transport

Especially the ones that cough like they dying like that

Not feel‚Ä¶ https://t.co/NNa71U4rN9",1603703766657949697,140,2022-12-16 10:49:08+00:00,Twitter for Android,1,0,1
109,@khalidkarim In my opinion nothing is messy here .. every ministry has their own goal in line with their ministry..‚Ä¶ https://t.co/lsiOTK4RLE,1603680897781616640,140,2022-12-16 09:18:15+00:00,Twitter for iPhone,29,0,1
110,"@marsihala Here in SG, we only need to wear in public transport. Everywhere else its not compulsory, so yeah bound to forget that 1 place",1603653468895735808,137,2022-12-16 07:29:16+00:00,Twitter for iPhone,0,0,0
111,Better public transport as well https://t.co/E1uhoR5nEx,1603635700691189766,55,2022-12-16 06:18:39+00:00,Twitter for Android,0,0,1
112,"Where will Anthony Loke go undercover next?

All public transport providers right now... https://t.co/Al2gPbF5W5",1603635601718157312,112,2022-12-16 06:18:16+00:00,Twitter for Android,113,21,1
113,"@khalidkarim How is it messy? Electric cars has nothing to do with highways or public transport.
Public transport i‚Ä¶ https://t.co/U7K4x9ImDR",1603632898611245056,140,2022-12-16 06:07:31+00:00,Twitter for Android,17,0,-1
114,@abiiihere She had places to be and she ain't letting inefficient Malaysian public transport stop her,1603624318205718530,101,2022-12-16 05:33:26+00:00,Twitter Web App,2,0,0
115,@tristupe Still mahal tau for me. RM55 sampai KL sentral. Thats why people opt for public transport konon cheaper.‚Ä¶ https://t.co/xTMF5e0SFq,1603622557886091264,139,2022-12-16 05:26:26+00:00,Twitter for iPhone,2,0,0
116,"My 100% success rate in going up to a random stranger , assume they have an extra mask to beg 1 for myself- because‚Ä¶ https://t.co/trAI49UZN7",1603601916826906625,140,2022-12-16 04:04:25+00:00,Twitter for iPhone,5,0,-1
117,@khalidkarim Why not both? PJD Link will feature dedicated Bus Lane. So it serves both public and private transport users,1603596144293990401,121,2022-12-16 03:41:28+00:00,Twitter Web App,0,0,0
118,The KL mayor said current public transport use in the city was at 24% daily compared to 18% in 2018. https://t.co/Fe6hZuznBV,1603595819701227522,124,2022-12-16 03:40:11+00:00,Hootsuite Inc.,14,4,0
119,"@syahredzan Pls raise this issue in parlimen, what's the root of the issue? Lack of manpower, funding, overworked s‚Ä¶ https://t.co/mpMP25RQOV",1603594914721562624,140,2022-12-16 03:36:35+00:00,Twitter Web App,16,2,0
120,@CloudforYe Aren‚Äôt there any public transport like trains etc? üò® my flight home is on the 20th ü§£ maybe I‚Äôll just stay at my hotel then lol,1603594122967003138,138,2022-12-16 03:33:26+00:00,Twitter for iPhone,0,0,1
121,"@Hekalium More accessible public transport, better road designs and prioritize pedestrians.",1603583839577600001,91,2022-12-16 02:52:35+00:00,Twitter for Android,1,0,1
122,"@Elill_E Compare to other... Public transport... Ktmb is lack of service, no punctuality. Very bad. Still not relia‚Ä¶ https://t.co/BUQJqlzEHA",1603577419033563136,140,2022-12-16 02:27:04+00:00,Twitter for Android,2,1,-1
123,"Improve the road designs first. Our roads, highways and flyovers are so badly designed. Public transport no need to‚Ä¶ https://t.co/49OPgrKk4j",1603560363978821632,140,2022-12-16 01:19:18+00:00,Twitter for iPhone,11,2,-1
124,"Public Transport.

Only Bus-Lane, Train, Bring residential areas closer to commercial space dan make it walkable. https://t.co/JqBGX8d4gI",1603558375190454277,137,2022-12-16 01:11:23+00:00,Twitter Web App,1,1,0
125,"Anthony Loke will also be speaking with KTM, regarding improving and increasing the frequency of the Komuter servic‚Ä¶ https://t.co/7k15yEiXI9",1603549084706410496,140,2022-12-16 00:34:28+00:00,Twitter for iPhone,2,1,0
126,"(1/2) Hi public transport enthusiasts, we MLPTF is bringing you the beta release of TranSPOT, a crowdsourced train‚Ä¶ https://t.co/y3y0TXOFYU",1603548879487524864,139,2022-12-16 00:33:40+00:00,Twitter for iPhone,37,27,0
127,Taking public transport is literally just doing exercise https://t.co/WTAbv4mVcT,1603547866508951553,80,2022-12-16 00:29:38+00:00,Twitter for iPhone,2,1,0
128,"Promote remote work / work from home / rotation day / shift.
Improving public transport.
Encourage renting car with‚Ä¶ https://t.co/hJjkuSUTKK",1603534448116785152,140,2022-12-15 23:36:19+00:00,Twitter for Android,15,15,-1
129,"3 years into a pandemic and we still haven‚Äôt learned: short term- for jobs that can, shift to remote work/flexible‚Ä¶ https://t.co/DvO0LCTulc",1603527328574754816,139,2022-12-15 23:08:01+00:00,Twitter for iPhone,964,739,-1
130,@wnarflqmn Improve public transport &amp; use a motor if doable,1603520281972441088,63,2022-12-15 22:40:01+00:00,Twitter for Android,1,0,0
131,The reason why I bring an extra mask when taking public transport is EXACTLY to prevent this. https://t.co/mgGpwQ9fFn,1603496165622059008,117,2022-12-15 21:04:12+00:00,Twitter for Android,0,0,1
132,"That way, most people won't have to use cars all the time. This also benefits people who need to use their private‚Ä¶ https://t.co/YJKJgDuG7X",1603461366228344833,139,2022-12-15 18:45:55+00:00,Twitter Web App,1,0,1
133,"This inevitably happens with any road expansion project.

Economists call this ""induced demand"": roughly, increasin‚Ä¶ https://t.co/hAlJeqMN70",1603461358942846977,140,2022-12-15 18:45:53+00:00,Twitter Web App,24,5,-1
134,Smh KL and Selangor's public transport is so essential yet problematic might take a while before people in Melaka c‚Ä¶ https://t.co/WihePxD5bQ,1603438052973506560,140,2022-12-15 17:13:16+00:00,Twitter for Android,0,0,0
135,@arisyaaa729 No public transport nearby?,1603434111418257408,40,2022-12-15 16:57:37+00:00,Twitter for iPhone,0,0,0
136,I hope he visits Japan next to compare the difference in public transport culture.,1603424746128801793,82,2022-12-15 16:20:24+00:00,Twitter Web App,3,0,0
137,You know we've set the bar so low in this country when we're very impressed that our new Minister of Transport actu‚Ä¶ https://t.co/eddgcTXXdn,1603424570874425344,140,2022-12-15 16:19:42+00:00,Twitter Web App,3,0,1
138,@evertayc thats why public transport ü•πü•π is better,1603424011211661313,49,2022-12-15 16:17:29+00:00,Twitter for iPhone,0,0,1
139,so please mr @anthonyloke for your time being a transportation minister this time please improve not just Klang Val‚Ä¶ https://t.co/oZiyjTY4Ja,1603411454212050944,140,2022-12-15 15:27:35+00:00,Twitter for Android,0,0,0
140,"Punya cuak pikir exam, sampai masuk mimpi dapat score band 5 je‚Ä¶ bangun berpeluh2 pagi tadi üò≠üíÄ 

This is what happe‚Ä¶ https://t.co/k6u2lkKTXd",1603371129913364481,140,2022-12-15 12:47:21+00:00,Twitter for iPhone,0,0,0
141,"Tutup 2 lane jadi BRT, naikkan tol fee to enter CBD. Increase public transport investment. https://t.co/QwAGY9Fb2Y",1603370933280202752,114,2022-12-15 12:46:34+00:00,Twitter for iPhone,3,2,0
142,#NSTnation Transport Minister Anthony Loke was on the prowl once again as he went down to the ground to see for him‚Ä¶ https://t.co/enB09hHdiO,1603360710485950465,140,2022-12-15 12:05:57+00:00,Twitter Web App,79,30,-1
143,"1) Consider WFH for non operation workers/Alternate days 
2) Relocate some of the companies to other states.
3) Imp‚Ä¶ https://t.co/wFilSttcVK",1603346608011104257,140,2022-12-15 11:09:54+00:00,Twitter for Android,2,1,-1
144,"@Hekalium 1) Consider WFH for non operation workers/Alternate days 
2) Relocate some of the companies to other stat‚Ä¶ https://t.co/oB96cNO5li",1603345787647582208,140,2022-12-15 11:06:39+00:00,Twitter for Android,1,0,-1
145,"@TARISTAR8 @Magicmush7 @malaysiakini @anthonyloke Ministry of Transport i believe, matters related to investment, p‚Ä¶ https://t.co/Zo4tNZRdpu",1603343662259523584,140,2022-12-15 10:58:12+00:00,Twitter for iPhone,2,1,0
146,This trip is a series of me cancelling my Grab rides because I‚Äôve no patience to wait for 20 - 25 minutes. And then‚Ä¶ https://t.co/AoV72vZSQC,1603326154399633408,140,2022-12-15 09:48:38+00:00,Twitter for iPhone,2,0,0
147,@staronline I support @anthonyloke call for a maintenance culture to be practiced. Let's start with public transport and the airports.,1603313678648242178,134,2022-12-15 08:59:03+00:00,Twitter for Android,1,0,0
148,Was hvg a conversation abt how I can drive but do not like to drive and that I prefer taking public transport and t‚Ä¶ https://t.co/agH5Gi1qgx,1603303035337605121,140,2022-12-15 08:16:46+00:00,Twitter for iPhone,0,0,0
149,@bettersidewalk1 @Hekalium I always wonder. Is it the reason they don't want to improve public transport or pedestr‚Ä¶ https://t.co/4BaKSFdPih,1603302284234227712,140,2022-12-15 08:13:47+00:00,Twitter for Android,33,8,0
150,The maintenance of facilities involving public transportation must become a culture in the country so that such ser‚Ä¶ https://t.co/6qRb1etwGJ,1603302194123804674,140,2022-12-15 08:13:25+00:00,Twitter Web App,1,0,0
151,@meforevermy Huh? What has PAS to do with public transport? What have they ever contributed to the rakyat and count‚Ä¶ https://t.co/ZcP3zV6nOg,1603273427766214656,140,2022-12-15 06:19:07+00:00,Twitter Web App,5,0,0
152,@AmirudinShari @saynotopjdlink. no more tolled highways in Selangor. Improve public transport.,1603256817995624448,94,2022-12-15 05:13:07+00:00,Twitter Web App,0,0,-1
153,Where my Public Transport furs at? https://t.co/vgH2j4qS8s,1603250504662142981,58,2022-12-15 04:48:01+00:00,Twitter for iPhone,1,1,0
154,Apple Maps work very well in Singapore. Very happy with the public transport navigation.,1603248685839974400,88,2022-12-15 04:40:48+00:00,Twitter for iPhone,1,0,1
155,"Other countries: why are Malaysians so obsessed with their public transport station escalators
Malaysians: you woul‚Ä¶ https://t.co/Zz5R0R3MIQ",1603222580982616064,140,2022-12-15 02:57:04+00:00,Twitter Web App,35,15,-1
156,@TheDandyGoblin @thevibesnews So expand car lanes? I think we should have better public transport.,1603221796546695168,98,2022-12-15 02:53:57+00:00,Twitter Web App,0,0,1
157,Improve public transport https://t.co/yiYrS56jcG,1603212500748488704,48,2022-12-15 02:17:01+00:00,Twitter for Android,1,1,0
158,"...and the heavy smell of smoke in the air.
And let's face it -- the public is bound to opt even more for cars/taxi‚Ä¶ https://t.co/OLm2hBMTjU",1603209642405871617,140,2022-12-15 02:05:39+00:00,Twitter Web App,1,0,1
159,@malaysiakini Public transport first. Limit private vehicles.,1603205232787234816,61,2022-12-15 01:48:08+00:00,Twitter for Android,10,0,1
160,"Hopefully one day our public transport boleh jadi as efficient as in Japan, Korea &amp; others https://t.co/fuNP4Yk7Uk",1603185730812977152,118,2022-12-15 00:30:38+00:00,Twitter for iPhone,2,0,0
161,didn‚Äôt know had to wear mask to take public transport üòÇ thankfully this kind samaritan gave me one,1603185540198985728,98,2022-12-15 00:29:53+00:00,Twitter for iPhone,1,0,1
162,"@_tashbunny It has become harder for me to chat in stream since I need to sleep early asdfghjkl
Public transport he‚Ä¶ https://t.co/q5hHsKFYw5",1603162115883536384,140,2022-12-14 22:56:48+00:00,Twitter for Android,0,0,0
163,There‚Äôs gotta be a scientific study somewhere which proves that the inconsiderate lighting choice for public transp‚Ä¶ https://t.co/DU9bcNToQV,1603070290699091968,140,2022-12-14 16:51:55+00:00,Twitter for iPhone,0,0,1
164,We have active noise cancellation for auditory spectrum. But do we have light noise cancellation for the visual spe‚Ä¶ https://t.co/jhHz075omm,1603069974788345856,140,2022-12-14 16:50:40+00:00,Twitter for iPhone,0,0,1
165,"@Hekalium Public transport being on time, convenient, connected, and protected from rain walkway",1603068389404336131,96,2022-12-14 16:44:22+00:00,Twitter for Android,7,0,0
166,@jengkyyyy Bcs in KL we have public transport. Lahhh defensive,1603044270952570880,62,2022-12-14 15:08:31+00:00,Twitter for iPhone,0,0,0
167,@Mulut_Cabai This guy was from Najib‚Äôs PEMANDU group back in 2013 for public transport before being absorbed into Prasarana,1603033591445090308,123,2022-12-14 14:26:05+00:00,Twitter for iPhone,1,1,1
168,Public transport efficiency. Itu je. Aku pun tak hamak nak bawak kereta kalau public transport tersangat bagus. And‚Ä¶ https://t.co/yZC0UbVfy8,1603017365737730048,140,2022-12-14 13:21:37+00:00,Twitter for iPhone,17,13,0
169,"My Fianc√© always wanted me to get a licence so we can go around easier (we hate public transport). So today, 14.12.‚Ä¶ https://t.co/Ed1By6aNGF",1603014118700507138,140,2022-12-14 13:08:43+00:00,Twitter for Android,1,0,-1
170,Lol EV carmakers will propose a 20 years EV hire purchase plan instead. Stop being so car centric and focus on more‚Ä¶ https://t.co/x0VJtIhVxf,1602997698030075906,140,2022-12-14 12:03:28+00:00,Twitter for Android,0,0,1
171,@Hekalium Work from home. Public transport yang lebih efficient.,1602996315381673984,64,2022-12-14 11:57:58+00:00,Twitter Web App,46,15,0
172,@ChrisToThey It does! You can use a single transport card or a bank card for all public transport. You pay the dist‚Ä¶ https://t.co/bQJocoILpJ,1602966876379787264,140,2022-12-14 10:00:59+00:00,Twitter for Android,0,0,-1
173,"Penang Hill cable car project won by firm with experience in large public transport jobs
https://t.co/QxBPaYS0j4  https://t.co/QxBPaYS0j4",1602944283287252992,137,2022-12-14 08:31:13+00:00,TwitterRSSTSOLAgent,7,5,1
174,"""How about we show a bit of forward-thinking?"" ‚Äî Many Singaporeans expressed their disappointment with prices in Si‚Ä¶ https://t.co/m51VzmVvgB",1602937874118230018,140,2022-12-14 08:05:44+00:00,Echobox,0,1,-1
175,"I wonder what our previous Minister of Transport do during his term. As a public transport user since 2000,I didn't‚Ä¶ https://t.co/6Rmd5NQXHf",1602935049334448128,140,2022-12-14 07:54:31+00:00,Twitter for Android,0,0,-1
176,@hanicodes Hi Hani. A face mask is compulsory to wear when using public transport.,1602931390869561344,82,2022-12-14 07:39:59+00:00,Zanroo_Analytic,0,0,0
177,@amoy43 @luxentX This is a dream come true if ever one day we can achieve good public transport,1602912143095267329,95,2022-12-14 06:23:30+00:00,Twitter for Android,0,0,1
178,"Many people are saying that those criticising public transport in the Philippines are just ""weak""... Even IF that's‚Ä¶ https://t.co/mQStsrCYJj",1602892913901731840,140,2022-12-14 05:07:05+00:00,Twitter for iPhone,7,1,1
179,public transport hates me today,1602865406808449024,31,2022-12-14 03:17:47+00:00,Twitter for iPhone,0,0,0
180,I just find it very pretentious to read books on public transport in Singapore. Why do I need to look intellectual in public?,1602860527587237888,125,2022-12-14 02:58:24+00:00,Twitter for Android,0,0,-1
181,"Travelling alone on public transport in Singapore, whether short or long distance, is impossible without at least o‚Ä¶ https://t.co/hj3ehFVGDT",1602853205536174080,140,2022-12-14 02:29:18+00:00,Twitter for Android,0,0,-1
182,@rinmansor Promote EV and upgrade public transport accessbility n facilities,1602815505919795201,76,2022-12-13 23:59:30+00:00,Twitter for iPhone,3,1,0
183,"if there ever will be a campaign to promote public transport usage, they should go hard on the positive lifestyle c‚Ä¶ https://t.co/kOcxF5b5dE",1602691950343491584,140,2022-12-13 15:48:32+00:00,Twitter Web App,1,1,-1
184,"yea like created Putrajaya and Cyberjaya, build the building first, then baru think how to develop public transport‚Ä¶ https://t.co/M0b64A70Xa",1602667252662554624,140,2022-12-13 14:10:23+00:00,Twitter for iPhone,0,0,1
185,"i am gonna sleep early tonight. everytime, i used public transport to travel, i can‚Äôt sleep well, and now my brain can‚Äôt properly function.",1602653325513871366,139,2022-12-13 13:15:03+00:00,Twitter for iPhone,2,0,1
186,#Carpool #Singapore -&gt; #Singapore My son will enter Secondary One next year at Spectra Secondary School. I am looki‚Ä¶ https://t.co/fmJnJJ70GG,1602653319415070720,143,2022-12-13 13:15:01+00:00,CarpoolWorld Feed,0,0,-1
187,"Scottish ppl are always like ""I love walking!"" Yeah, ofc you have to. Ur public transport is expensive and limited‚Ä¶ https://t.co/9G0r5eyCLY",1602639719766138882,139,2022-12-13 12:20:59+00:00,Twitter for Android,1,0,-1
188,"4. ‚ÄúWe are confident that we will be able to move these 100 electric buses, in parallel with the improvement in the‚Ä¶ https://t.co/ivDcM0bgPJ",1602636643642802176,140,2022-12-13 12:08:46+00:00,Twitter Web App,9,2,1
189,"1. Prasarana plans to add over 300 buses, through Rapid Bus, by 2024.

‚ÄúWe have 1,540 Rapid KL buses but only 1,183‚Ä¶ https://t.co/LhyYw1SCIF",1602636636722167808,140,2022-12-13 12:08:44+00:00,Twitter Web App,241,88,0
190,@LTAsg and transit link Singapore was a pleasure to use bf4 but now it is so complicated and complex to even get a‚Ä¶ https://t.co/HAcQIEWiLG,1602621731071725569,139,2022-12-13 11:09:30+00:00,Twitter for Android,0,0,-1
191,@SMRT_Singapore should take note of how senior citizens and people who don't know how to use the system suffer to t‚Ä¶ https://t.co/EiLyJ3VMwc,1602620510906777602,140,2022-12-13 11:04:39+00:00,Twitter for Android,0,0,0
192,"In Rancangan Selangor Pertama (RS-1), public transport infrastructure development is seen as the key enabler to acc‚Ä¶ https://t.co/9FYrwSaJLc",1602612175943913477,140,2022-12-13 10:31:32+00:00,Twitter for iPhone,0,0,0
193,so long no take public transport,1602561817502310400,32,2022-12-13 07:11:26+00:00,Twitter for iPhone,0,0,-1
194,"It is no surprise that the LRT, KTM Komuter and even the Monorail systems continue to rot under poor maintenance.

https://t.co/S6kvYlg2Mw",1602549404719669248,138,2022-12-13 06:22:06+00:00,Twitter Web App,0,0,-1
195,"@ernamh Same sis. M in my 30s, an eldest, struggling to live, no savings,lost my dad 3 years ago and my brothers ar‚Ä¶ https://t.co/xe1eW9v43Y",1602540432269139968,140,2022-12-13 05:46:27+00:00,Twitter for Android,27,0,1
196,"My commute using public transport is around 1h45m
Hnnghhhh",1602532707661393920,58,2022-12-13 05:15:45+00:00,Twitter for Android,2,0,0
197,So some detest strongly the hub-and-spoke system in organising public transport (me included). Here's what it might‚Ä¶ https://t.co/IUzqQ7fE4t,1602528086502916096,140,2022-12-13 04:57:24+00:00,Twitter Web App,2,1,1
198,@adibkhld It‚Äôs related to public transport issue. If we have better public transport then no parking issue or it wo‚Ä¶ https://t.co/9PwA6I7m0K,1602521125145444352,140,2022-12-13 04:29:44+00:00,Twitter for iPhone,2,0,1
199,"I couldn‚Äôt help laughing. Miyagi transport, where Kaze will be holding 1st performance in #LAAT, suggests participa‚Ä¶ https://t.co/1CvGyIOiFQ",1602514059546759168,140,2022-12-13 04:01:39+00:00,Twitter for iPhone,55,5,0
200,"Long-term solution needed for effective public #transport system 

https://t.co/F3MxPbp4nz

#TMRnews #LRT #Prasarana",1602509774138257409,116,2022-12-13 03:44:38+00:00,Twitter Web App,0,0,1
201,it's like u don't have to face the same boring mundane day everyday but you get to be on public transport where the‚Ä¶ https://t.co/0D5okZ3Xs7,1602500014009647106,140,2022-12-13 03:05:51+00:00,Twitter for iPhone,0,0,-1
202,Public transport companies slammed for ‚Äòthird class maintenance‚Äô https://t.co/yb67WIiJ3H,1602490588963930112,88,2022-12-13 02:28:23+00:00,Twitter for Android,0,0,0
203,"Please investigate the procurement process and contracts please.  @anthonyloke @anwaribrahim
Public transport compa‚Ä¶ https://t.co/h7XoFcPflm",1602473235177558021,140,2022-12-13 01:19:26+00:00,Twitter for Android,0,0,0
204,"Whatever you love and Hadith sayings of them! Go and if there are outside, with a lot of public transport :B",1602456521161723904,108,2022-12-13 00:13:01+00:00,twt_msia_ebooks,0,0,1
205,Public transport companies slammed for ‚Äòthird class maintenance‚Äô #FMTNews https://t.co/GAoobvXbWY,1602446030335016960,97,2022-12-12 23:31:20+00:00,Twitter Web App,116,19,0
